1;M. Trapezius ;<li>Pars descendens</li><li>Pars transversa</li><li>Pars ascendens</li>;Samtliga intervertebralleder C1-Th12. Art. Thoracoscapularis. Art. Acromioclavicularis. Art. Sternoclavicularis;Skallbasen, protuberantia occipitalis externa. Processus spinosus C2-C7 via ligamentum nuchae. Processus spinosus Th1-Th12.;Pars descendens:<br>Laterala 1/3 av claviculae.<br><br>Pars transversa:<br>Acromion. Spina scapulae.<br><br>Pars ascendens:<br>Spina scapulae. Basis spina scapulae.;;Pars descendens:<br>Lateralflexion av halsrygg och huvud. Kontralateral rotation av halsrygg och huvud.;Pars descendens:<br>Elevation av skuldran. Utåtrotation av scapulae.<br><br>Pars transversa:<br>Adduktion av scapulae. Utåtrotation av scapulae. Lätt extension av bröstryggskotor Th1-Th12.<br><br>Pars ascendens:<br>Depression av scapulae. Utåtrotation av scapulae. Lätt adduktion av scapulae.;Pars descendens:<br>Extention av halsrygg och huvud. Ökar lordosen i halsryggen. Kompression av halsryggen.;C2-C4 N. Accessorius (XI) Pl. Cervicalis.;Delen blir ofta statiskt överbelastad med värk och ömhet i området. Förkortad muskel kan ge rörelseinskränkningar i halsrygg och huvud vid rotation och lateralflexion. Värk och ömhet orsakas av korta antagonister, ex. pectoralis major. Triggerpunkter ger ofta upphov till huvudvärk som går från nacken upp över örat till tinningen och fram till ögat. ;images/muscles/trapezius.png
2;M. Levator scapula;;Samtliga intervertebralleder i cervicalryggen. Art. Thoracoscapularis. Art. Acromioclavicularis. Art. Sternoclavicularis;Processus transversus C1-C4 (tubercula posteriora).;Angulus superior scapulae;;Lateralflexion av halsrygg och huvud. Ipsilateral rotation av halsrygg och huvud.;Elevation av scapulae. Inåtrotation av scapulae.;Extention av halsrygg och huvud.;C3-C5 N. Dorsalis scapulae Pl. Cervicalis;Muskeln är tvinnad i sitt förlopp vilket ger den en extra elasticitet. Muskeln är ofta inblandad i akuta rörelseinskränkningar som smärttillstånd i nacken.;images/muscles/levator_scapula.png
3;M. Latissimus dorsi;;Art. Humeri. Intervertebralleder Th6-L5. Art. Thoracoscapularis.;Via den thoracolumbala fascian (bindvävsblad) - sacrums crista sacralis mediana. Crista iliaca labium externum. Processus spinosus Th6-L5. Costa 9-12 dorsalt.;Crista tuberculi minoris humeri. Angulus inferior scapulae.;;;Adduktion i art. Humeri. Extention i art. Humeri. Retroflexion i art. Humeri. Inåtrotation i art. Humeri. Horisontalabduktion i art. Humeri. Depression av skuldran. Adduktion av scapulae. Inåtrotation av scapulae. Stabiliserar scapulea mot thoraxväggen. Lateralflexion av bålen. Ipsilateral rotation av bålen.;Extention av bålen. Ökar lordosen i ländryggen.;C6-C8 N. Thoracodorsalis Pl. Brachialis;Påverkar bålrörelser framförallt när art.humeri är flekterad eller abducerad. Sista biten är tvinnad för att öka svikten och elasticiteten i muskeln vid hängande i armarna. Triggerpunkter kan ge smärta ut i armen och ner i handens lillfingersida.;images/muscles/latissimus_dorsi.png
4;M. Rhomboideus major;;Art. Thoracoscapularis. Intervertebrallederna Th1-Th5. Art. Acromioclavicularis. Art. Sternoclavicularis;Processus spinosus Th1-Th5.;Margo medialis scapulae inferiort spina scapulae.;;;Adduktion av scapulae. Elevation av scapulae. Inåtrotation av scapulae. Kontralateral rotation av thorakalkotorna Th1-Th5;;C4-C5 N. Dorsalis scapulae Pl. Cervicalis;Påverkas av hållningsproblem. Triggerpunkter upphov till brännande smärta eller domnande känsla. Bra att töja antagonisten pectoralis major för att undvika statisk överbelastning.;images/muscles/rhomboideus_maj_min.png
5;M. Rhomboideus minor;;Art. Thoracoscapularis. Intervertebrallederna C6-C7. Art. Acromioclavicularis. Art. Sternoclavicularis.;Processus spinosus C6-C7;Margo medialis scapulae superiort basis spina scapulae;;Kontralateral rotation av halsrygg och huvud. Lätt lateralflexion av halsrygg och huvud.;Adduktion av scapulae. Elevation av scapulae. Utåtrotation av scapulae.;;C4-C5 N.Dorsalis scapulae Pl. Cervicalis;Muskeln har ingen avskiljbar gräns mot M. R. major,uppkom av att muskeln har funktioner i halsryggen. I övrigt se kommentar för M. R. Major.;images/muscles/rhomboideus_maj_min.png
6;M. Serratus posterior inferior;;Intervertebralleder Th11-L2. Costovertebralleder Th9-Th12;Via den thoracolumbala fascian på processus spinosus Th11-L2.;Costae 9-12;;;Depression av costa 9-12. Ipsilateral rotation av bålen.  Kontralateral rotation av thorakal och ländryggskotorna Th11-L2.;Accessorisk andningsmuskel (vid expiration). Extention av bålen.;Th9-Th12 Rr. Ventralis Nn. Intercostalis;Smärta kan uppkomma vid forcerad andning eller höjning/sänkning av revbenen.;images/muscles/serratus_posterior_inferior.png
7;M. Serratus posterior superior;;;Processus spinosus C6-Th2;Lateralt angulus costae 2-5;;;Höjer costa 2-5. Kontralateral rotation av cervicalrygg.;Extension av bål;Th1-Th4 Nn. Intercostalis;Triggerpunkter ger smärta lokalt och ut i armens baksida och ut i lillfingret. För att att komma åt triggerpunkten måste scapulae först abduceras.;images/muscles/serratus_posterior_superior.png
8;M. Splenius capitis;;;Processus spinosus C3-Th3 cervicalt via lig. Nuchae.;Processus mastoideus. Linea nuchae superior.;;;Lateralflexion av halsryggrad. Ipsilateral rotation av halsryggrad.;Extention av halsryggrad/huvud.;C1-C5 Rr. Dorsales;Visar endast EMG-aktivitet under rotation och extention (dvs. ej vid lateralflexion).;images/muscles/splenius_capitis_cervicis.png
9;M. Splenius cervicis;;;Lig. Supraspinale. Processus spinosus Th3-Th5;Processus transversus tuberculum posteriora C1-C2;;;Ipsilateral rotation av halsryggrad. Lateralflexion av halsryggrad;Extention av halsryggrad.;C1-C5 Rr. Dorsales;Triggerpunkt ger huvudsakligen värk djupt inne bakom ögat.;images/muscles/splenius_capitis_cervicis.png
10;M. Iliocostalis - Sacrospinala systemet;<li>M. Iliocostalis cervicis</li><li> M. Iliocostalis thoracis</li><li>M. Iliocostalis lumborium</li>;Lumborum, thoracis, cervicis (längst och mest lateralt);M. Iliocostalis cervicis:<br>Angulus costae 1-6 medialt om fästet för iliocostalis thoracis.<br><br>M. Iliocostalis thoracis:<br>Angulus costae 6-12 medialt om fästet för iliocostalis lumborum.<br><br>M. Iliocostalis lumborium:<br>Crista iliaca (labrium externum). Facies dorsalis ossis sacri. Processus spinosus Th11-L5.;M. Iliocostalis cervicis:<br>Processus transversus C4-C7 (tuberculum posterior).<br><br>M. Iliocostalis thoracis:<br>Angulus costae 1-6.<br><br>M. Iliocostalis lumborium:<br>Angulus costae 6-12.;Sacrospinala systemet: <br>Extention av bål och huvud. Ipsilateral rotation av bål och huvud. Lateralflexion av bål och huvud. Postural funktion.;;;;C1-S3 Rr. Dorsales Nn. Spinales;;images/muscles/iliocostalis.png
11;M. Longissimus - Sacrospinala systemet;<li>M. Longissimus capitis</li><li> M. Longissimus cervicis</li><li>M. Longissimus thoracis</li>;thoracis cervicis, capitis (tjockast);M. Longissimus capitis:<br>Processus transversus Th1-Th2. Processus articularis C4-C7.<br><br>M. Longissimus cervicis:<br>Processus tranvsersus Th3-Th6.<br><br>M. Longissimus thoracis:<br>Facies dorsalis ossis sacri. Crista iliaca labium externum.;M. Longissimus capitis:<br>Processus mastoideus posteriora del.<br><br>M. Longissimus cervicis:<br>Processus tranversus (C5)C6-C7 (tubercula posteriora).<br><br>M. Longissimus thoracis:<br>Fäste mediala stråken: Processus accessorius (L1)L2-L3. Processus transversus Th1-Th12.   Fäste laterala stråken: Processus costarius (L1)L2-L3. Costa 1-12 mellan tuberculum costa och angulus costa.;Sacrospinala systemet: <br>Extention av bål och huvud. Ipsilateral rotation av bål och huvud. Lateralflexion av bål och huvud. Postural funktion.;;;;C1-S3 Rr. Dorsales Nn. Spinales;;images/muscles/longissimus.png
12;M. Spinalis - Sacrospinala systemet;<li>M. Spinalis capitis</li><li> M. Spinalis cervicis</li><li>M. Spinalis thoracis</li>;thoracis, cervicis, capitis (tunnast och mest medialt).;M. Spinalis capitis:<br>Processus spinosus Th1-Th2.<br><br>M. Spinalis cervicis:<br>Processus spinosus C6-C7.<br><br>M. Spinalis thoracis:<br>Processus spinosus Th11-Th12.;M. Spinalis capitis:<br>Os occipitale mellan linea nuchae superior och inferior<br><br>M. Spinalis cervicis:<br>Tuberculum posterior C1. Processus spinosus C2.<br><br>M. Spinalis thoracis:<br>Processus spinosus Th3-Th9.;Sacrospinala systemet: <br>Extention av bål och huvud. Ipsilateral rotation av bål och huvud. Lateralflexion av bål och huvud. Postural funktion.;;;;C1-S3 Rr. Dorsales Nn. Spinales;;images/muscles/spinalis.png
13;Transversospinala systemet;<li>M. Semispinalis capitis, M. Semispinalis cervicis & M. Semispinalis thoracis </li><li>M. Rotatores thoracis, M. Rotatores cervicis & M. Rotatores capitis</li><li>M. Multifidus</li>;;M. Semispinalis capitis:<br>Processus transversus C3-Th6<br><br>M. Semispinalis cervicis:<br>Processus transversus C7-Th4.<br><br>M. Semispinalis thoracis:<br>Processus transversus Th5-Th12.<br><br>M. Multifidus:<br>Facies dorsalis ossis sacri. Processus transversus (accessorius i ländryggen) L5-C6.;M. Semispinalis capitis:<br>Os occipitale mellan linea nuchae superior och inferior.<br><br>M. Semispinalis cervicis:<br>Processus spinosus C2-C7.<br><br>M. Semispinalis thoracis:<br>Processus spinosus Th1-Th6.<br><br>M. Multifidus:<br>Processus spinosus L5-C3.;;;Kontralateral rotation av bål och huvud. Lateralflexion av bål och huvud.;Extention av bål och huvud. Postural funktion.;;Mm. Rotatores:<br>Skillnaden mellan muskelgruppen och M.Multifidus är att förstnämnda endast går till processus spinosus på kotan ovanför.<br><br>M. Multifidus:<br>Triggerpunkter ger smärta lokalt. Triggerpunkter lumbalt kan ge smärta i buken.;images/muscles/transversospinala.png
14;Korta vertikala systemet;<li>Mm. Interspinales</li><li>Mm. Intertransversarii laterale lumborum, Mm. Intertransversarii mediales lumborum, Mm. Intertransversarii thoracis, Mm. Intertransversarii anteriores cervicis & Mm. Intertransversarii posteriores cervicis</li>;;;;Extention av bål och huvud. Lateralflexion av bål och huvud. Sensorisk funktion.;;;;Rami dorsalis nervi spinalis;Mm. Interspinales:<br>Lumborum, thoracis, cervicis, löper mellan processus spinosus C2-S1.<br><br>Mm. Intertransversarii laterale lumborum:<br>Löper mellan processus costarius L1-L5<br><br> Mm. Intertransversarii mediales lumborum:<br>Löper mellan processus accessorius L1-L5<br><br> Mm. Intertransversarii thoracis:<br>Löper mellan processus transversus Th1-Th12.<br><br>Mm. Intertransversarii anteriores cervicis:<br>Löper mellan tuberculum anteriora C1-C7<br><br> Mm. Intertransversarii posteriores cervicis:<br>Löper mellan tuberculum posteriora C1-C7;images/muscles/korta_vertikala.png
15;Mm. Suboccipitalis/Nackrosetten;;;M. Rectus capitis posterior minor:<br>Tuberculum posterior atlantis.<br><br>M. Rectus capitis posterior major:<br>Processus spinosus C2.<br><br>M. Rectus capitis lateralis:<br>Processus transversus atlantis.<br><br>M. Obliquus capitis superior:<br>Processus transversus atlantis.<br><br>M. Obliquus capitis inferior:<br>Processus spinosus C2.;M. Rectus capitis posterior minor:<br>Medialt på lineae nuchae inferior.<br><br>M. Rectus capitis posterior major:<br>Inferiort om linea nuchea inferior.<br><br>M. Rectus capitis lateralis:<br>Os occipitale vertikalt ovanför processus transversus atlantis.<br><br>M. Obliquus capitis superior:<br>Lateralt på linea nuchae inferior.<br><br>M. Obliquus capitis inferior:<br>Processus transversus atlantis.;M. Rectus capitis posterior minor:<br>Extention, ipsilateral rotation, lätt lateralflexion av C0-C1.<br><br>M. Rectus capitis posterior major:<br>Extention, ipsilateral rotation, lätt lateralflexion av C0-C2.<br><br>M. Rectus capitis lateralis:<br>Lateralflexion C0-C1.<br><br>M. Obliquus capitis superior:<br>Extention, lateralflexion, kontralateral rotation av C0-C1.<br><br>M. Obliquus capitis inferior:<br>Ipsilateralrotation av C1-C2.;;Ipsilateral rotation av huvudet. Lateralflexion av huvudet.;Extention av huvudet.;C1 N. Suboccipitalis;Triggerpunkter ger en diffus smärta som ett band över örat;images/muscles/suboccipitalis.png
16;M. Pectoralis major;<li>Pars clavicularis</li><li>Pars sternocostalis</li><li>Pars abdominalis</li>;Art. Humeri. Art. Thoracoscapularis. Art. Sternoclavicularis. Art. Acromioclavicularis;Pars clavicularis:<br>Claviculaes mediala 1/2.<br><br>Pars sternocostalis:<br>Övergången mellan cartilago costae och sternum i höjd med costae 2-6.<br><br>Pars abdominalis:<br>Via en flik från rectusskidan.;Crista tuberculi majoris humeri;Horisontaladduktion i art. Humeri. Inåtrotation i art. Humeri. Abduktion av scapulae.<br><br>Pars clavicularis:<br>Anteflexion i art. Humeri. Flexion i art. Humeri<br><br>Pars abdominalis:<br>Adduktion i art. Humeri. Depression av scapulae. Accessorisk andningsmuskel vid inspiration.;;;;C5-C8<br><br>Pars clavicularis:<br>C5-C6 N. Pectoralis lateralis Pl. Brachialis.<br><br>Pars sternocostalis:<br>C6-C8 N. Pectoralis lateralis Pl. Brachialis.<br><br>Pars abdominalis:<br>C8-Th1 N. Pectoralis medialis Pl.Brachialis.;Förkortad muskel kan ge upphov till cirkulationsstörningar i armen med domningar och stickningar som följd. Triggerpunkter ger smärta lokalt, ut i armen och till handens lillfingersida. Andra symptom kan vara hjärtarytmier och smärta ut i armen, som vid angina pectoris (kärlkramp).;images/muscles/pectoralis_major.png
17;M. Pectoralis minor;;Art. Thoracoscapularis. Art. Acromioclavicularis. Costovertebralleder 3-5;Costae 3-5 anteriort.;Processus coracoideus scapulae.;Depression av scapulae. Inåtrotation av scapulae. Abduktion av scapulae. Stabiliserar scapulae mot thoraxväggen. Framåttippning av scapulae ( anterior tilt);Accessorisk andningsmuskel vid inspiration.;;;C(6)7-Th1 N. Pectoralis medialis Pl. Brachialis;Om spänd eller förkortad, ge entrapment av kärl så att armen somnar. Svaghet och smärta i armarna vid arbete med armarna ovanför huvudhöjd kan ibland härledas. Triggerpunkter i muskeln kan ge smärtor i bröstregionen och stimulera angina pectoris.;images/muscles/pectoralis_minor.png
18;M. Subclavius;;Art. Sternoclavicularis. Art. Acromioclavicularis. Art. Thoracoscapularis;Cartilago costae mellan manubrium sterni och costae 1.;Undersidan på claviculaes mellersta  tredjedel;Stabiliserar art. Sternoclavicularis. Depression av claviculae. Depressions av scapulae.;;;;C5-C6 N. Subclavius Pl. Brachialis;Läget nära till nerver och kärl, gör att om den blir spänd kan den ge entrapment  med dominingar och smärta ut i armen som följd;images/muscles/subclavius.png
19;M. Serratus anterior;;Art. Thoracoscapularis. Costovertebrallederna Th1-Th9. Art. Sternoclavicularis. Art. Acromioclavicularis;Costae 1-9 lateralt på bålen;Margo medialis scapulae;Abduktion av scapulae. Depression av scapulae (nedre delen). Depression av skuldran (nedre delen). Utåtrotation av scapulae (nedre delen). Stabiliserar scapulae mot thoraxväggen tillsammans med Mm. Rhomboideii (den muskeln måste nämnas vid tentamen!). Accessorisk andningsmuskel vid inspiration. Elevation av scapulae (övre delen). Inåtrotation av scapulae (övre delen).;;;;C5-C8 N. Thoracicus longus Pl.Brachialis.;"Svaghet eller skada på nerven kan ge alata eller ""vingscapulae"". Triggerpunkter ger smärtor i sidan av bröstkorgen (inte helt olik de vid angina pectoris (kärlkramp)";images/muscles/serratus_anterior.png
20;M. Intercostalis externus;;;;;Höjer revbenen. Accessorisk inspirationsmuskel.;;;;Th1-Th11(12) Nn. Intercostalis;Ursprung och fästen inom thorax. ;images/muscles/intercostalis_ext_int.png
21;M. Intercostalis internus;;;;;Sänker revbenen. Accessorisk expirationsmuskel;;;;Th1-Th11(12) Nn. Intercostalis;Mellan samtliga revben och löper snett nedåt;images/muscles/intercostalis_ext_int.png
22;M. Levatores costarium;;;Processus transversus Th1-Th12.;Costa 2-12 mellan tuberculum costa och angulus costa.;Höjer revbenen. Accessorisk inspirationsmuskel.;;;;Th1-Th11 Nn. Intercostalis.;;images/muscles/levatores_costarium.png
23;M. Subcostales;;;;;Sänker revbenen. Accessorisk expirationsmuskel;;;;Th1-Th11 Nn. Intercostalis.;Endast dorsala delen och kan ses som en fortsättning på Mm. Intercostalis internus.;images/muscles/subcostale.png
24;M. Transversum thoracis;;;;;Sänker revbenen. Accessorisk expirationsmuskel;;;;Th1-Th8 Nn. Intercostalis;Triggerpunkter i muskeln kan ge radierande smärta längs med revbenen.;images/muscles/transversum_thoracis.png
25;M. Diaphragma;<li>Pars costalis</li><li>Pars lumbalis</li><li>Pars sternalis</li>;;Pars costalis:<br>Insidan av costa 6-12 lateralt (största delen).<br><br>Pars lumbalis:<br>Via crus dextrum och crus sinistrum anteriort på corpus vertebrae L1-L4<br><br>Pars sternalis:<br>Processus xiphoideus.;Centrum tendineum;Tryckförändring i lungsäcken, Inandning;;;;C3-C5 N. Phrenicus Pl. Cervicalis;Penetreras av: Aorta - I hiatus aorticum i höjd med Th8. Esophagus - I hiatus esophagus i höjd med Th10. V. Cava inferior - I foramen vena cava i höjd med Th12. För att sluta tätt runt musklerna finns kraftiga ligament som ligger i bågar runt musklerna och bildar arkader. Lig. arcuatum mediale sluter tätt runt M. Psoas major och bildar psoasarkaden. Lig. arcuatum laterale sluter tätt kring M. Quadratus lumborum och bildar Quadratusarkaden;images/muscles/diaphragma.png
26;M. Rectus abdominis;;Intervertebralleder i nedre bröst och ländrygg;Ventralt costa 5-7. Sternum och processus xiphoideus;Os pubis medialt;;;;Flexion av bålen. Tippar bålen bakåt. Minskar lordosen i ländryggen. Ökar det intraabdominala trycket. Minskar trycket på diskarna i ländryggen. Accessorisk andningsmuskel vid expiration;Th7-Th12 Nn. Intercostales;Innesluten i rectusskidan, som bildas av de övriga bukmusklernas fästesaponeuroser. De löper från dorsalsidan av bålen hela vägen fram till linea alba. Triggerpunkter i nedre del kan ge dysmennoré och förstärkt mensvärk hos kvinnor. Aktiva triggerpunkter kan även ge illamående och en känsla av att magen är uppsvälld.;images/muscles/rectus_abdominis.png
27;M. Pyramidalis;;;Os pubis mest mediala del;Linea alba ca. 5-10 cm ovan symfysen;Spänner upp linea alba.;;;;Nn. Intercostales;;
28;M. Obliquus externus abdominis;;Intervertebrallederna i nedre bröstrygg, ländryggen;Costae 5-12 ventralt-lateralt;Crista iliaca (labium externum). Lig. Inguinale. Linea alba/rectusskidan. Os pubis.;;;Lateralflexion av bålen. Kontralateral rotation av bålen.;Flexion av bålen. Tippar pelvis bakåt. Minskar lordosen i ländryggen. Ökar det intraabdominala trycket. Minskar trycket på diskarna i ländryggen. Accesorisk andningsmuskel vid expiration.;Th(5-6)7-Th12 Nn. Intercostalis. L1 N. Ilioinguinalis Pl. Lumbalis. L1 N. Iliohypogastricus Pl. Lumbalis.;Bålens starkaste rotatorer och lateralflexorer beroende på att muskeln är långt ifrån rörelsecentrum. Mindre vanliga triggerpunkter kan ge diarré och kräkningar.;images/muscles/obl_ext_abdominis.png
29;M. Obliquus internus abdominis;;Intervertebralleder i nedre bröst- och ländrygg;Crista iliaca (linea intermedia). Lig. Inguinale. Fascia transversalis.  ;Linea alba/rectusskidan. Costa 9-12 lateralt.;;;Lateralflexion av bålen. Ipsilateral rotation av bålen.;Flexion av bålen. Tippar pelvis bakåt. minskar lordosen i ländryggen. Ökar det intraabdominala trycket. Minskar trycket på diskarna i ländryggen. Accesorisk andningsmuskel vid expiration.;Th7-Th12 Nn. Intercostales. L1 N. Ilioinguinalis Pl. Lumbalis. L1 N. Iliohypogastricus Pl. Lumbalis.;Triggerpunkter  i muskeln kan ge smärtor till ljumske och testikel. Mindre vanliga triggerpunkter kan ge diarré och kräkningar.;images/muscles/obl_int_abdominis.png
30;M. Transversus abdominis;;Ingen större påverkan på ländryggens intevertebralleder.;Via fascia transveralis på processus costarius L1-L5. Insidan på costae 6-12. Laterala 2/3-delarna av crista iliaca labium internum. Lig. Inguinale.;Internusaponeurosen samt linea alba.;Ökar det intraabdominala trycket.;;;;Th7-Th12 Nn. Intercostalis. L1 N. Ilioinguinalis Pl. Lumbalis. L1 N. Iliohypogastricus Pl. Lumbalis.;Triggerpunkter ger smärtor till området runt solar plexus.;images/muscles/transversus_abdominis.png
31;M. Quadratus lumborum;<li>Pars iliocostalis</li><li>Pars iliolumbale</li><li>Pars lumbocostale</li>;Intervertebrallederna L1-L5. Costovertebralled 12.;Pars iliocostalis:<br>Crista iliaca labium internus. Lig. Iliolumbale.<br><br>Pars iliolumbale:<br>Crista iliaca labium internum. Lig. Iliolumbale.<br><br>Pars lumbocostale:<br>Processus costarius L1-L5.;Pars iliocostalis:<br>Costa 12 mediala 1/2.<br><br>Pars iliolumbale:<br>Processus costarius L1-L5.<br><br>Pars lumbocostale:<br>Costa 12 mediala 1/2;;;Lateralflexion av bålen. Ipsilateral rotation av ländrygg/bål.;Extention av bålen. Ökar lordosen i ländryggen. Tippar pelvis framåt. Accessorisk andningsmuskel (vid expiration). Kompression av ländrygg.;Th12 Nn. Intercostalis. L1-L3 Pl. Lumbalis.;inblandad i akuta smärttillstånd i ländryggen farmförallt vid djupa inandningar. Ska även korrigera för en eventuell benlängdsskillnad, vilket kan göra att muskeln spänner sig statiskt under långa perioder.;images/muscles/quadratus_lumborum.png
32;M. Levator Ani = M. Pubococcygeus;;;Os pubis dorsala yta;Os sacrum, os coccygis;;;;;N. Pudendus S3-4;;images/muscles/levator_ani.png
33;M. Levator Ani = M. Iliococcygeus;;;Delar av os pubis dorsala yta samt os ilium;Os sacrum, os coccygis;;;;;N. Pudendus S3-4;;images/muscles/levator_ani.png
34;M. Levator Ani = M. Coccygeus;;;Spina ischiadica;Os sacrums nedre del samt os coccygis;;;;;Pl. Sacralis S4-5;;images/muscles/levator_ani.png
35;M. Sternocleido mastoideus;<li>Pars sternalis</li><li>Pars clavicularis</li>;Intervertebralleder C0-C7;Pars sternalis:<br>Manubrium sterni.<br><br>Pars clavicularis:<br>Claviculaes mediala del.;Processus mastoideus. Linea nuchae superior.;;;Kontralateral rotation av halsrygg och huvud. Lateralflexion av halsrygg och huvud.;Flexion av nedre halsryggen C3-C7. Extention av övre halsryggen samt huvudet C0-C2. Accessorisk andningsmuskel vid inspiration.;C(1)2-C3 Pl. Cervicales N. Accesorius XI.;"Vid förkortning påverkas hållningen genom att dra huvudet framåt i så kallad ""gamnackeposition"". Triggerpunkter i muskeln kan ge huvudvärk lokaliserad till ansiktet och hjässan.";images/muscles/sternocleido_mastoideus.png
36;Mm. Scalenii;;;;;;;;;;;images/muscles/scalenus.png
37;M. Scalenus anterior;;Intervertebrallederna i halsryggen;Processus transversus (tuberculum anteriora) C3-C6;Costae 1 (tuberculi M. Scaleni anterioris).;;;Lateralflexion av halsryggen. Kontralateral rotation av halsryggen.;Flexion av halsryggen. Accessorisk andningsmuskel vid inspiration. Kompression av halsryggen.;C3-C4 Pl. Cervicalis. C5-C6 Pl. Brachialis.;Bildar tillsammans med M. Sternocleidomastoideus den främre scalenusluckan. Triggerpunkter i muskeln kan ge smärta, värk och domningar på underarmens och handens radiala sida.;images/muscles/scalenus.png
38;M. Scalenus medius;;Intervertebralleder C2-C7;Processus transversus (tuberculum posteriora) C2-C7.;Costae 1, membrana intercostalis 1.;;;Lateralflexion av halsryggen.;Lätt flexion av halsryggen. Accessorisk andningsmuskel vid inspiration. Kompression av halsryggen.;C3-C4 Pl. Cervicalis. C5-C8 Pl. Brachialis.;Bildar tillsammans med M. Scalenus anterior den bakre scalenusluckan. Triggerpunkt i muskeln kan ge upphov till smärta i axeln och armen samt stickningar i händer och fingrar.;images/muscles/scalenus.png
39;M. Scalenus posterior;;Intervertebralleder C5-C7;Processus transversus (tuberculum posteriora) C5-C7;Costae 2.;;;Lateralflexion av halsryggen. Ipsilateral rotation av halsryggen.;Extention av halsryggen. Accessorisk andningsmuskel vid inspiration. Kompression av halsryggen.;C5-C8 Pl. Brachialis;Triggerpunkter i muskeln kan ge smärtor i axeln och armen samt ge stickningar och domningar i hand och fingrar.;images/muscles/scalenus.png
40;M. Scalenus minimus;;Intervertebralleder C6-C7.;Processus transversus (tuberculum anteriora) C6-C7;Costae 1;;;Lateralflexion av halsryggen. Lätt kontralateral rotation av halsrygg.;Accessorisk andningsmuskel vid inspiration. Kompression av halsryggen.;C6-C8 Pl. Brachialis;Förekommer inte hos alla människor.;images/muscles/scalenus.png
41;Mm. Suprahyoideii;;;;;;;;;;;images/muscles/suprahyoideii.png
42;M. Digastricus venter posterior;;;Fossa digastrica;Os hyoideum;Höjer os hyoideum. Sänker mandibulae.;;;;N. Facialis (VII);Muskeln består av två bukar, venter anterior och venter posterior.;images/muscles/suprahyoideii.png
43;M. Digastricus venter anterior;;;Incisura mastoideus;Os hyoideum;Höjer os hyoideum. Sänker mandibulae.;;;;N. Trigeminus (V) nedersta gren. N. Mandibulae.;;images/muscles/suprahyoideii.png
44;M. Stylohyoideus;;;Processus styloideus;Os hyoideum;Höjer os hyoideum.;;;;N. Facialis (VII);;images/muscles/suprahyoideii.png
45;M. Mylohyoideus;;;Linea mylohyoidea mandibulae.;Os hyoideum.;Höjer os hyoideum. Sänker mandibulae.;;;;N. Trigeminus (V) nedersta gren. N. Mandibulae.;;images/muscles/suprahyoideii.png
46;M. Geniohyoideus;;;Spina mentalis mandibulae;Os hyoideum.;Höjer os hyoideum. Sänker mandibulae.;;;;N. Hypoglossus (XII);;images/muscles/suprahyoideii.png
47;Mm. Infrahyoideii;;;;;;;;;;Samtliga muskler hjälper  till vid sväljfunktionen och kan vid ett fixerat os hyoideum hjälpa till vid flexion av halsryggraden.;images/muscles/infrahyoideii.png
48;M. Sternohyoideus;;;Dorsalt cartilago costa 1. Dorsalt manubrium sterni.;Os hyoideum.;Sänker os hyoideum.;;;;C1-C3 Ansa cervicalis.;;images/muscles/infrahyoideii.png
49;M. Omohyoideus;;;Margo superior scapulae.;Os hyoideum.;Sänker os hyoideum.;;;;C1-C3 Ansa cervicalis.;;images/muscles/infrahyoideii.png
50;M. Sternothyroideus;;;Manubrium sterni posteriort.;Cartilago thyroidea.;Sänker os hyoideu via M. Thyreohyodeus;;;;C1-C3 Ansa cervicalis.;;images/muscles/infrahyoideii.png
51;M. Thyreohyoideus;;;Cartilago thyroidea;Os hyoideum.;Sänker os hyoideum.;;;;C1-C3 Ansa cervicalis.;;images/muscles/infrahyoideii.png
52;Prevertebral muskulatur;;;;;Flexion av halsryggraden. Ipsilateralrotation av halsryggraden. Lateralflexion av halsryggraden.;;;;C1-C4 Pl. Cervicalis. C5-C8 Pl. Brachialis;;images/muscles/prevertebral.png
53;M. Rectus capitis anterior;;;Massa lateralis atlantis;Anteriort om condylus occipitalis.;;;;;;;images/muscles/prevertebral.png
54;M. Longus colli;;;;;;;;;;;images/muscles/prevertebral.png
55;Mediala stråken;;;Corpus vertebrae anteriort C7-Th1 ;Corpus vertebrae anteriort  C2-C4;;;;;;;images/muscles/prevertebral.png
56;Kraniolaterala stråken;;;Tuberculum anteriora C3-C5;Tuberculum anteriora C1.;;;;;;;images/muscles/prevertebral.png
57;Kaudolaterala stråken;;;Corpus vertebrae anteriort Th1-Th3;Tuberculum anteriora C5-C7;;;;;;;images/muscles/prevertebral.png
58;M. Longus capitis;;;Tuberculum anteriora C3-C6;Basis ossis occipitalis;;;;;;;images/muscles/prevertebral.png
59;M. Deltoideus;<li>Pars clavicularis</li><li>Pars acromialis</li><li>Pars spinalis</li>;Art. Humeri;Pars clavicularis:<br>Den laterala 1/2- delen av claviculae.<br><br>Pars acromialis:<br>Acromion.<br><br>Pars spinalis:<br>Spina scapulae.;Tuberositas deltoidea;För hela muskeln:<br>Abduktion i art. Humeri. Förhindrar nedåtglidning av caput humeri.<br><br>Pars acromialis:<br>Flexion i art. Humeri. Horisontaladduktion i art. Humeri. Anteflexion i art. Humeri. Inåtrotation i art. Humeri. Adduktion vid mindre än 60 grader. Abduktion i art. Humeri. Kraftig abduktor i art. Humeri vid utåtroterat läge.<br><br>Pars spinalis:<br>Abduktion i art. Humeri. Förhindrar nedåtglidning av caput humeri.<br>Pars spinalis:<br>Extention i art. Humeri. Retroflexion i art. Humeri. Utåtrotation i art. Humeri. Horisontalabduktion i art. Humeri. Adduktion vid mindre än 60 grader. Abduktion i art. Humeri. Kraftig abduktor i art. Humeri vid inåtroterat läge.;;;;C5-C6 N. Axillaris Pl. Brachialis;Muskeln är sin egen antagonist.;images/muscles/deltoideus.png
60;M. Teres major;;Art. Humeri. Art. Thoracoscapularis;Angulus inferior scapulae. Margo lateralis scapulae.;Crista tuberculi minoris humeri.;Extention i art. Humeri. Adduktion i art. Humeri. Retroflexion i art. Humeri. Inåtrotation i art. Humeri. Horisontalabduktion i art. Humeri.;Utåtrotation av scapulae. ;;;C5-C7 N. Subscapularis Pl. Brachialis;triggerpunkter i muskeln kan ge smärtor över axelns bakre och mellersta delar och ut i armen.;images/muscles/teres_major.png
61;M. Supraspinatus;;Art. Humeri;Fossa supraspinata scapulae;Tuberculum majus övre del.;Trycker caput humeri mot cavitas glenoidalis. Abduktion i art. Humeri de första 20-40 graderna. Förhindrar nedåtglidning av caput humeri. Utåtrotation i art. Humeri. Spänner upp ledkapseln i art humeri.;;;;C4-C6 N. Suprascapularis Pl. Brachialis;Arbetar i princip alla rörelser. Senan skadas lätt vid rörelser över 90 grader. Triggerpunkter i muskeln ger vanligen smärta till utsidan av axeln ner i överarmen till den laterala epicondylen.;images/muscles/supraspinatus.png
62;M. Infraspinatus;;Art. Humeri;Fossa infraspinatus scapulae. Spina scapulae.;Tuberculum majus humeri. I höjd med ledens rörelsecentrum nedanför M. Supraspinatus infästning.;Utåtrotation i art. Humeri. Horisontalabduktion i art. Humeri. Trycker caput humeri mot cavitas glenoidale. Förhindrar framåtglidning av caput humeri. Svaga funktioner: Adduktion i art. Humeri av muskelns nedre delar. Abduktion i art. Humeri av muskelns övre delar från ett redan kraftigt abducerat läge. Extention i art. humeri från ett flekterat läge.;;;;C(4)5-C6 N. Suprascapularis Pl. Brachialis;"lätt att bli överbelastad statiskt och kan bilda triggerpunker som strålar ut mot framsidan av axeln och ned i armen samt mot handens tumsida (stor del i ""musarm"").";images/muscles/infraspinatus.png
63;M. Teres minor;;Art. Humeri;Margo lateralis scapulae. Fascia infraspinata.;Tuberculum majus humeri.;Adduktion i art. Humeri. Extention i art. Humeri. Utåtrotation i art. Humeri. Horisontalabduktion i art. Humeri. Retroflexion i art. Humeri. Förhindrar uppåtglidning av caput humeri. Förhindrar framåtglidning av caput humeri.;;;;C5-C6 N. Axillaris Pl. Brachialis;Triggerpunkt kan ge smärta på framsidan av axeln och ut i överarmen.;images/muscles/teres_minor.png
64;M. Subscapularis;;Art. Humeri;Fossa subscapularis;Övergången mellan tuberculum minus och crista tuberculi minoris;Inåtrotation i art. Humeri. Adduktion i art. Humeri den nedre delen. Hindrar bakåtglidning av caput humeri. Hindrar nedåtglidning av caput humeri (övre delen). Hindrar uppåtglidning av caput humeri (nedre delen). Horisontaladduktion i art. Humeri.;;;;C5-C7 N. Subscapularis Pl. Brachialis;Muskelförkortning kan ge en inskränkt utåtrotation i axelleden vilket leder till förkortning av andra inåtrotatorer (ex. Pec. Maj.).  Triggerpunkt upphov till smärta på baksidan av axeln. Belägen ventralt på skulderbladet och är därför svår att palpera.;images/muscles/subscapularis.png
65;M. Biceps brachii;<li>Caput longum</li><li>Caput brevis</li>;Art. Humeri. Art. Cubiti, alla tre ledgångar.;Caput longum:<br>Tuberculum supraglenoidale scapulae.<br><br>Caput brevis:<br>Processus coracoideus.;Tuberositas radii. Ulnae proximalt via fascia antebrachii;Flexion i art. Cubiti. Supination av underarmen. Inåtrotation i art. Humeri (caput brevis). Lätt flexion i art. Humeri (caput brevis). Anteflexion i art. Humeri (caput brevis). Lätt abduktion i art. Humeri (caput longum).;;;;C5-C6 N. Musculocutaneus Pl. Brachialis.;;images/muscles/biceps_brachii.png
66;M. Brachialis;;Art. Cubiti (art. Humeroulnaris, art. Humeroradialis).;Anteriort på den distala hälften av humerus.;Tuberositas ulnae. Processus coronoideus.;Flexion i art. Cubiti. Spänner ledkapseln i art. Cubiti.;;;;C5-C6 N. Musculocutaneus Pl. Brachialis;Triggerpunkter ger smärta ut mot tumroten.;images/muscles/brachialis.png
67;M. Triceps brachii;<li>Caput longum</li><li>Caput laterale</li><li>Caput mediale</li>;Art. Cubiti (art. Humeroulnaris, art. Humeroradialis). Art. Humeri (endast caput longum).;Caput longum:<br>Tuberculum infraglenoidale scapulae.<br><br>Caput laterale:<br>Dorsolateralt och proximalt på humerus.<br><br>Caput mediale:<br>Dorso-medialt och distalt på humerus.;Olecranon.;Hela muskeln:<br>Extention i art. Cubiti. Sträcker ledkapseln i art. Cubiti.<br><br>Caput longum:<br>Extention i art. Humeri. Adduktion i art. Humeri. Utåtrotation i art. Humeri. Retroflexion i art. Humeri.;;;;C6-Th1 N. Radialis Pl. Brachialis;Triggerpunkter ger smärta både lokalt, runt armbågen och ut i lill- och ringfinger.;images/muscles/triceps_brachii.png
68;M. Anconeus;;Art. Cubiti;Epicondylus lateralis humeri.;Olecranon. Dorsalt på ulnaes proximala 1/3-del.;Extention i art. Cubiti. Sträcker ledkapseln i art. Cubiti.;;;;C7-C8 N. Radialis Pl. Brachialis;"Triggerpunkt ger besvär liknande ""tennisarmbåge""";images/muscles/anconeus.png
69;M. Coracobrachialis ;;Art. Humeri;Processus coracoideus scapulae.;Medialt på humerus mellersta tredjedel.;Horisontaladduktion i art. Humeri. Adduktion i art. Humeri. Flexion i art. Humeri. Anteflexion i art. Humeri. Förhindra nedåtglidning av caput humeri. Utåtrotation i art. Humeri från ett inåtroterat läge. Inåtrotation i art. Humeri från ett utåtroterat läge.;;;;C6-C7 N. Musculocutaneus Pl. Brachialis;Triggerpunkt ger smärtor längs hela armens baksida med undantag av armbåge och handled. Den ger även smärtor till ut-/framsida axel och i långfingret;images/muscles/coracobrachialis.png
70;M. Brachioradialis;;;Proximala halvan av margo lateralis humeri. Septum intermusculare laterale.;Processus styloideii radii;Flexion i art. Cubiti. Semipronation från supinerat läge av underarmen. Semisupination från pronerat läge av underarmen.;;;;C5-C6 N. Radialis Pl. Brachialis;Drabbas ofta av överbelastningssymptom. Triggerpunkter i muskeln ger smärta i armbågen och ut i området mellan och pekfingret.;images/muscles/brachioradialis.png
71;M. Extensor carpi radialis longus;;;Margo lateralis humeri distalt. Epicondyus lateralis humeri.;Dorsalt basis ossis metacarpale 2.;Dorsalflexion i art. Radiocarpea. Radialflexion i art. Radiocarpea. Flexion i art. Cubiti;;;;C5-C8 N. Radialis Pl. Brachialis.;Ger smärta vid sitt ursprung på den laterala epicondylen i form av lateral humerusepicondylit eller epicondalgi. Triggerpunkter ger smärta över laterala epicondylen och handryggen vid tummens bas.;images/muscles/extensor_carpi_radialis_longus.png
72;M. Extensor carpi radialis brevis;;;Epicondylus lateralis humeri. Lig. Annulare radii. Fascia antebrachii.;Dorsalt basis ossis metacarpale 3.;Dorsalflexion i art. Radiocarpea. Lätt radialflexion i art. Radiocarpea. Flexion i art. Cubiti;;;;C5-C8 N. Radialis Pl. Brachialis.;smärta vid sitt ursprung, på den laterala epicondylen i form av lateral humerusepicondylit.;images/muscles/extensor_carpi_radialis_brevis.png
73;M. Pronator teres;<li>Caput humerale</li><Caput ulnare</li>;;Caput humerale:<br>Epicondylus medialis humeri. Fascia antebrachii.<br><br>Caput ulnare:<br>Processus coronoideus ulnae.;Dorsolateralt på radius mellersta 1/3-del.;Pronation av underarmen. Flexion i art. Cubiti.;;;;C6-C7 N. Medianus Pl. Brachialis ;Triggerpunkter ger smärta till radiala handleden och tumroten.;images/muscles/pronator_teres.png
74;M. Flexor carpi radialis;;;Epicondylus medialis humeri. Fascia antebrachii.;Palmart basis ossis metacarpale 2(3).;Flexion i art. Radiocarpea. Radialflexion i art. Radiocarpea. Flexion i art. Cubiti. Pronation av underarmen.;;;;C6-C8 N. Medianus Pl. Brachialis;Triggerpunkter i muskeln ger bland annat smärtor över canalis carpi.;images/muscles/flexor_carpi_radialis.png
75;M. Palmaris longus;;;Epicondylus medialis humeri. Fascia antebrachii.;Aponeurosis palmaris.;Flexion i art. Radiocarpea. Flexion i MCP 2-5. Flexion i art. Cubiti.;;;;C(6)7-Th1 N. Medianus Pl. Brachialis.;En degenerativ förändring av palmaraponeurosen kan leda till att metacarpofalangeallederna hamnar i ett konstant flekterat läge kallat Dupuytrens kontraktur. Triggerpunkter ger smärta i handflatan.;images/muscles/palmaris_longus.png
76;M. Flexor digitorium superficialis;<li>Caput humeroulnare</li><li>Caput radiale</li>;;Caput humeroulnare:<br>Epicondylus medialis humeri. Processus coronoideus. Septa intermuscularia.<br><br>Caput radiale:<br>Facies anterior radii. Margo anterior radii.<br><br>;Lateralt palmart phalanx media digiti 2-5;Palmarflexion i art. Radiocarpea. Ulnarflexion i art. Radiocarpea. Flexion i MCP 2-5. Flexion i PIP 2-5. Flexion i art. Cubiti.;;;;C7-Th1 N. Medianus Pl. Brachialis.;Triggerpunkter beskrivs som om smärtan skjuts ut ur fingertopparna.;images/muscles/flexor_digitorum_superficialis.png
77;M. Flexor carpi ulnaris;;;Epicondylus medialis humeri. Margo posterior ulnaes proximala 2/3-del. Fascia antebrachii.;Os pisiforme. Via lig. Pisohamatum till os hamatum. Lig. Pisometacarpeum till basis ossis metacarpale 5.;Flexion i art. Radiocarpea. Flexion i art. Cubiti. Ulnarflexion i art. Radiocarpea.;;;;C7-Th1 N. Ulnaris Pl. Brachialis.;Triggerpunkter smärtor till handledens ulnara sida.;images/muscles/flexor_carpi_ulnaris.png
78;M. Flexor pollicis longus;<li>Caput radiale</li><li>Caput humerale</li>;;Caput radiale:<br>Facies anterior radii proximala 2/3-del. Fascia antebrachii.<br><br>Caput humerale:<br>Epicondylus medialis humeri.;Palmart phalanx distalis digiti 1 (pollux).;Flexion i MCP 1. Flexion i DIP 1. Flexion i art. Radiocarpea. Flexion i art. Cubiti.;;;;C(6)7-Th1 N. Medianus Pl. Brachialis.;;images/muscles/flexor_pollicis_longus.png
79;M. Pronator quadratus;;;Distala 1/4-delen på margo anterior ulna.;Margo anterior radii. Facies anterior radii distalt.;Pronation av underarmen. Fixerar radius mot ulnae.;;;;C7-Th1 N. Medianus Pl. Brachialis.;;images/muscles/pronator_quadratus.png
80;M. Flexor digitorum profundus ;;;Facies anterior ulna. Membrana interossea antebrachii.;Palmart phalanx distalis digiti 2-5.;Flexion i art. Radiocarpea. Flexion i MCP 2-5. Flexion i PIP 2-5. Flexion i DIP 2-5.;;;;C7-Th1 N. Medianus och N. Ulnaris Pl. Brachialis.;"Triggerpunkter ger smärtor ut i och ""förbi"" de tre ulnara fingrarna.";images/muscles/flexor_digitorum_profundus.png
81;M. Extensor digitorum;;;Epicondylus lateralis humeri. Fascia antebrachii.;Basis ossis phalangea digiti 2-5 via dorsalaponeuroserna.;Extention i art. Radiocarpea. Ulnarflexion i art. Radiocarpea. Extention i MCP 2-5. Extention i PIP 2-5. Extention i DIP 2-5.;;;;C6-C8 N. Radialis Pl. Brachialis.;Triggerpunkter ger smärta ut i laterala epicondilen och lång- eller ringfinger.;images/muscles/extensor_digitorum.png
82;M. Extensor digiti minimi;;;Epicondylus lateralis humeri. Fascia antebrachii.;Digiti 5 via dorsalaponeurosen.;Dorsalflexion i art. Radiocarpea. Ulnarflexion i art. Radiocarpea. Extention i MCP 5. Extention i PIP 5. Extention i DIP 5.;;;;C6-C8 N. Radialis Pl. Brachialis.;;images/muscles/extensor_digiti_minimi.png
83;M. Extensor carpi ulnaris;;;Epicondylus lateralis humeri. Fascia antebrachii.;Dorsalt basis ossis metacarpale 5. ;Extention i art. Radiocarpea. Ulnarflexion i art. Radiocarpea.;;;;C6-C8 N. Radialis Pl. Brachialis.;Triggerpunkter ger smärta till handledens ulnara sida.;images/muscles/extensor_carpi_ulnaris.png
84;M. Supinator;;;Epicondylus lateralis humeri. Lig. Collaterale radiale. Lig. Annulare radii. Crista musculi supinatorius ulnae.;Facies anterior radii. Margo anterior radii. Margo posterior radii.;Supination av underarm. Flexion i art. Cubiti.;;;;C5-C6 N. Radialis Pl. Brachialis.;Triggerpunkter ger smärta över den laterala epicondylen och dorsalt över vinkeln mellan tumme och pekfinger;images/muscles/supinator.png
85;M. Abductor pollicis longus;;;Facies posterior ulnae. Facies posterior radii. Membrana interossea antebrachii.;Basis ossis metacarpale 1 (pollicis).;Abduktion i CMC 1. Radialflexion  i art. Radiocarpea. Supination av underarmen.;;;;C6-C8 N. Radialis Pl. Brachialis.;;images/muscles/abductor_pollicis_longus.png
86;M. Extensor pollicis brevis;;;Facies posterior radii. Membrana interossea antebrachii.;Dorsalt på basen av phalanx proximalis digiti 1.;Extention i MCP 1. Radialflexion i art. Radiocarpea.;;;;C6-C8 N. Radialis Pl. Brachialis.;;images/muscles/extensor_pollicis_brevis.png
87;M. Extensor indicis;;;Facies posterior ulnae. Membrana interossa antebrachii.;Digiti 2 dorsalaponeurosen.;Extention i art. Radiocarpea. Extention i MCP 2. Extention i PIP 2 via dorsalaponeurosen. Extention i DIP 2 via dorsalaponeurosen.;;;;C6-C8 N. Radialis Pl. Brachialis.;;images/muscles/extensor_indicis.png
88;M. Extensor pollicis longus;;;Facies posterior ulnae. Membrana interossa antebrachii.;Dorsalt phalanx distalis digiti 1 (pollicis);Extention i MCP 1. Extention i DIP 1. Abduktion i CMC 1. Dorsalflexion i art. Radiocarpea.;;;;C6-C8 N. Radialis Pl. Brachialis.;;images/muscles/extensor_pollicis_longus.png
89;M. Abductor pollicis brevis ;;;Retinaculum flexorum. Tuberositas ossis scaphoideii.;Phalanx proximalis på radiala sesambenet.;Abduktion i CMC 1. Opposition i CMC 1. Flexion i MCP 1.;;;;C6-Th1 N. Medianus Pl. Brachialis.;;images/muscles/abductor_pollicis_brevis.png
90;M. Opponens pollicis;;;Retinaculum flexorum. Tuberculum ossis trapezii.;Radiala sidan av os metacarpale 1.;Opposition i CMC 1.;;;;C6-Th1 N. Medianus Pl. Brachialis.;;images/muscles/opponens_pollicis.png
91;M. Flexor pollicis brevis;<li>Caput superficialis</li><li>Caput profundum</li>;;Caput superficialis:<br>Retinaculum flexorum. Os trapezium..<br><br>Caput profundum:<br>Basis ossis metacarpale 1. Os trapezium. Os capitatum.;Radialt phalanx proximalis.;Opposition i CMC 1. Adduktion i MCP 1. Flexion i MCP 1.;;;;C6-Th1 N. Ulnaris Pl. Brachialis.;;images/muscles/flexor_pollicis_brevis.png
92;M. Adductor pollicis;<li>Caput transversum</li><li>Caput obliquum</li>;;Caput transversum:<br>Basis ossis metacarpale 2 & 3.<br><br>Caput obliquum:<br>Os metacarpale 3.;Phalanx proximalis digiti 1.;Adduktion i CMC 1. Opposition i CMC 1. Flexion i MCP 1.;;;;C8-Th1 N. Ulnaris Pl. Brachialis;;images/muscles/adductor_pollicis.png
93;M. Abductor digiti minimi;;;Os pisiforme.;Lillfingrets dorsalaponeuros.;Opposition i CMC 5. Abduktion i MCP 5. Extention i PIP 5. Extention i DIP 5.;;;;C(7)-Th1 N. Ulnaris Pl. Brachialis;;images/muscles/abductor_digiti_minimi.png
94;M. Flexor digiti minimi brevis;;;Retinaculum flexorum. Hamulus ossis hamati.;Basen på lillfingrets proximala falang.;Opposition i CMC 5. Flexion i MCP 5.;;;;C(7)-Th1 N. Ulnaris Pl. Brachialis;;images/muscles/flexor_digiti_minimi_brevis.png
95;M. Opponens digiti minimi;;;Retinaculum flexorum. Hamulus ossis hamati.;Os metacarpale 5.;Opposition i CMC5.;;;;C(7)-Th1 N. Ulnaris Pl. Brachialis;;images/muscles/opponens_digiti_minimi.png
96;Mm. Lumbricales;;;Radialsidan av M. Flexor digitorum profundus fästessenor.;Dorsalaponeuroserna digiti 2-5.;Flexion i MCP 2-5. Extention i PIP 2-5. Extention i DIP 2-5.;;;;I & II: C(6)7-Th1 N. Medianus Pl. Brachialis. III & IV: C(7)8-Th1 N. Ulnaris Pl. Brachialis.;;images/muscles/lumbricales.png
97;Mm. Interossei palmares;;;Os metacarpale 2, 4 & 5.;Dorsalaponeuroserna 2, 4 & 5.;Flexion i MCP 2, 4 & 5. Adduktion mot digiti 3 i MCP. Extention i PIP. Extention i DIP.;;;;C8-Th1 N. Ulnaris Pl. Brachialis.;Triggerpunkter i muskeln ger smärtor ut i pekfingret.;images/muscles/interossei_palmares.png
98;Mm. Interossei dorsales;;;De två mot varandra vettande ytorna av två metacarpalben.;Dorsalaponeuroserna digiti 2-5.;Flexion i MCP 2-4. Abduktion i MCP 2,4. Ulnar-/radialdeviation i MCP 3. Extention i PIP 2-5. Extention i DIP 2-5;;;;C8-Th1 N. Ulnaris Pl. Brachialis.;Triggerpunkter smärtor i fingrarna. Det finns samband mellan triggerpunkter i interosserna och förhårdnader på fingrarna, kända som Heberdens noder.;images/muscles/interossei_dorsales.png
99;M. Iliopsoas;<li>M. Psoas major</li><li>M. Psoas minor</li><li>M. Iliacus</li>;M. Psoas major:<br>Art. Coxae, Intervertebrallederna Th12-L5.<br><brM. Iliacus:<br>Art. Coxa.;M. Psoas major:<br>Anteriort corpus vertebrae Th12-L4 samt dess discus intervertebralis. Processus costarius L1-L5.<br><br>M. Psoas minor:<br>Discus intervertebralis mellan Th12-L1 samt laterala delarna av angränsande corpus vertebrea på samma kotor.<br><br>M. Iliacus:<br>Fossa iliaca. Crista iliaca (labium internum). Spina iliaca anterior inferior.;M. Psoas major:<br>Trochanter minor.<br><br>M. Psoas minor:<br>Eminentia iliopectinea.<br><br>M. Iliacus:<br>Trochanter minor.;M. Psoas minor:<br>Spänner upp fascia iliaca.;M. Psoas major:<br>Lateralflexion av bålen vid fixerat fäste. Kontralateral rotation av bålen vid fixerat fäste.;M. Psoas major:<br>Flexion i art. Coxa. Utåtrotation i art. Coxa. Adduktion i art. Coxa. Horisontaladduktion i art. Coxa.<br><br>M. Iliacus:<br>Flexion i art. Coxae. Utåtrotation i art. Coxa. Adduktion i art. Coxa.;M. Psoas major:<br>Tipper pelvis framåt. Ökar lordosen i ländryggen. Flexion av ländryggen vid en redan kraftig flexion. Extension av ländryggen vid redan extenderad bål. Kompression av ländryggen.<br><br>M. Iliacus:<br>Tipper pelvis framåt. Ökar lordosen i ländryggen.;M. Psoas major:<br>L1-L4 Rr. Musculares Pl. Lumbalis.<br><br>M. Psoas minor:<br>L1-L2 Rr. Musculares Pl. Lumbalis.<br><br>M. Iliacus:<br>L(1)2-L4 N. Femoralis Pl. Lumbalis.;;
100;M. Gluteus maximus;;Art. Coxa. Art. Genu indirekt via tractus iliotibialis.;Os coccygis. Os sacrum dorsalt. Crista iliaca (labium externum). Lig. Sacrotuberale.;Tuberositas glutea. Tractus iliotibialis.;;;Extension i art. Coxa. Utåtrotation i art.coxa. Abduktion i art. Coxa av övre delen av muskeln. Adduktion i art. Coxa av nedre delen av muskeln. Extension i art. Genu via tractus iliotibialis. Utåtrotation i art. Genu via tractus iliotibialis vid flekterad knäled.;Tippar pelvis bakåt. Minskar lordosen i ländryggen.;L5-S2 N. Gluteus inferior Pl. Sacralis;;
101;M. Gluteus medius;;Art. Coxa. ;Facies glutea. Crista iliaca.;Trochanter major.;Abduktion i art. Coxa. Förhindrar att pelvis tippar i sidled.;;Främre delen: Flexion i art. Coxa. Utåtrotation i art. Coxa. Horisontalabduktion i art. Coxa. Bakre delen: Extension i art. Coxa. Utåtrotation i art. Coxa. Horisontalabduktion i art. Coxa;Främre del: Tippar pelvis framåt. Ökar lordosen i ländryggen. Bakre del: Tippar pelvis bakåt. Minskar lordosen i ländryggen.;L4-S1. N. Gluteus superior Pl. Sacralis.;Triggerpunkter kan ge ischiasliknande besvär med smärtor ned på baksidan av benet.;
102;M. Gluteus minimus;;Art. Coxa.;Facies glutea nedan crista iliaca.;Trochanter major.;Abduktion i art. Coxa. Förhindrar att pelvis tippar i sidled.;;Främre delen: Flexion i art. Coxa. Inåtrotation i art. Coxa. Bakre delen: Extention i art. Coxa. Utåtrotation i art. Coxa. Horisontalabduktion i art. Coxa.;Främre delen: Tippar pelvis framåt. Ökar lordosen i ländryggen. Bakre delen: Tippar pelvis bakåt. Minskar lordosen i ländryggen.;L4-S1 N. Gluteus superior Pl. Sacralis.;Triggerpunkter ger ischiasliknande besvär med strålningar på baksidan av benet.;
103;M. Piriformis;;Art. Coxa;Anteriora laterala ytan av sacrum (facies pelvina ossis sacri).;Trochanter major kraniellt.;;;Abduktion i art. Coxa. Extension i art. Coxa. Utåtrotation i art. Coxa vid mindre än 60 graders flexion i leden. Inåtrotation i art. Coxa vid mer än 60 graders flexion i leden.;Tippar pelvis bakåt. Minskar lordosen i ländryggen.;(L5)S1-S2 N. Piriformis Pl. Sacralis.;"upphov till ""falsk ishias"". Kan bero på triggerpunkter i muskeln eller att ishiasnerven blivit klämd av muskeln.";
104;M. Gemullus superior;;;Spina ischiadica;Trochanter major medialt.;Extension i art. Coxa. Utåtrotation i art. Coxa.;;;;L5-S2 Rr. Musculares Pl. Sacralis;;
105;M. Gemullus inferior;;;Superiort om tuber ischiadcum;Trochanter major medialt.;Extension i art. Coxa. Utåtrotation i art. Coxa.;;;;L4-S1(2) Rr. Musculares Pl. Sacralis;;
106;M. Obturatorius externus;;;Laterala sidan av membrana obturatoria.;Fossa trochanterica.;Utåtrotation i art. Coxa. Adduktion i art. Coxa.;;;;L3-L4 N. Obturatorius Pl. Lumbalis;;
107;M. Obturatorius internus;;;Mediala sidan av membrana obturatoria;Trochanter major medialt.;Extension i art. Coxa. Utåtrotation i art. Coxa.;;;;L5-S2 Rr. Musculares Pl. Sacralis.;;
108;M. Tensor fascia lata;;Art. Coxa. Art. Genu.;Spina iliaca anterior superior lateralt.;Via tractus iliotibialis på condylus lateralis tibiae.;;;Flexion i art. Coxa. Abduktion i art. Coxa. Horisontalabduktion i art. Coxa. Inåtrotation i art. Coxa. Spänner upp tractus iliotibialis. Extension i art. Genu via tractus iliotibialis. Stabiliserar art. Genu lateralt. Förhindrar att pelvis tippar lateralt. Utåtrotation i art. genu.;Tippar pelvis framåt. Ökar lordosen i ländryggen.;L4-S1 N. Gluteus superior Pl. Sacralis.;Upphov till snapping hip eller löparknä. Triggerpunkter ger smärta över sätet och lårets och vadens bak- och utsida.;
109;M. Quadratus femoris;;;Laterala randen av tuber ischiadicum;Crista intertrochanterica;Adduktion i art. Coxa. Utåtrotation i art. Coxa;;;;L4-S1(2) Rr. Musculares Pl. Sacralis;;
110;M. Quadriceps femoris;<li>M. Vastus lateralis</li><li>M. Vastus medialis</li><li>M. Vastus intermedius</li><li>M. Rectus femoris</li>;M. Vastus lateralis:<br>art. Genu. Art. Patellofemoralis.<br><br>M. Vastus medialis:<br>art. Genu. Art. Patellofemoralis.<br><br>M. Vastus intermedius:<br>art. Genu. Art. Patellofemoralis.<br><br>M. Rectus Femoris:<br>Art. Coxa. Art. Genu. Art. Patellofemoralis;M. Vastus lateralis:<br>Linea aspera (labium laterale). Trochanter major. Tuberositas glutea.<br><br>M. Vastus medialis:<br>Linea aspera (labrum mediale).<br><br>M. Vastus intermedius:<br>Anteriort på femurs proximala 2/3.<br><br>M. Rectus femoris:<br>Spina iliaca anterior inferior. Acetabelums superiora rand. Capsula articularis.;Tuberositas tibiae via patella.;M. Vastus lateralis:<br>Extension i art. Genu. Utåtrotation i art. Genu vid flekterad led. Drar patella lateralt. Stabiliserar art. Genu lateralt.<br><br>M. Vastus medialis:<br>Extention i art. Genu. Drar patella medialt.<br><br>M. Vastus intermedius:<br>Extention i art. Genu. Stabiliserar patella. Drar patella superiort.<br><br>M. Rectus femoris:<br>Extension i art. Genu. Flexion art. Coxa. Drar patella superiort.;;;M. Rectus femoris:<br>Tippar pelvis framåt. Ökar lordosen i ländryggen.;L2-L4 N. Femoralis Pl. Lumbalis.;M. Vastus lateralis:<br>Extension i art. Genu. Utåtrotation i art. Genu vid flekterad led. Drar patella lateralt. Stabiliserar art. Genu lateralt.<br><br>M. Vastus medialis:<br>Extention i art. Genu. Drar patella medialt.<br><br>M. Vastus intermedius:<br>Extention i art. Genu. Stabiliserar patella. Drar patella superiort.<br><br>M. Rectus femoris:<br>Extension i art. Genu. Flexion art. Coxa. Drar patella superiort.;
111;M. Sartorius;;art. Coxa. Art. Genu;Spina iliaca anterior superior.;Facies medialis tibiae i höjd med tuberositas tibiae.;;;Flexion i art. Coxa. Utåtrotation i art. Coxa. Abduktion i art. Coxa. Flexion i art. Genu. Inåtrotation i art. Genu vid flekterad led.;Tippar pelvis framåt. Ökar lordosen i ländryggen.;L2-L3(4) N. Femoralis Pl. Lumbalis.;Triggerpunkter ger bl.a. smärta över ljumsken och lårets insida.;
112;Mm. Ishiocrurales/Hamstrings;<li>M. Semitendinosus</li><li>M. Semimembranosus</li><li>M. Biceps femoris caput longum</li><li>M. Biceps femoris caput brevis</li>;M. Semitendinosus:<br>Art. Coxa. Art. Genu.<br><br>M. Semimembranosus:<br>Art. Coxa. Art. Genu.<br><br>M. Biceps femoris caput longum:<br>Art. Coxa. Art. Genu.<br><br>M. Biceps femoris caput brevis:<br>Art. Coxa.;M. Semitendinosus:<br>Tuber ischiadicum.<br><br>M. Semimembranosus:<br>Tuber ischiadicum.<br><br>M. Biceps femoris caput longum:<br>Tuber ischiadicum. Lig. Sacrotuberale.<br><br>M. Biceps femoris caput brevis:<br>Linea aspera (labium laterale).;M. Semitendinosus:<br>Facies medialis tibiae i höjd med tuberositas tibiae.<br><br>M. Semimembranosus:<br>Condylus medialis tibiae medialt. Condylus medialis tibiae posteriort. Posteriort capsula articularis genu.<br><br>M. Biceps femoris caput longum:<br>Caput fibulae.<br><br>M. Biceps femoris caput brevis:<br>Caput fibulae.;M. Biceps femoris caput brevis:<br>Flexion i art. Genu. Utåtrotation i art. Genu vid flekterad led.;;M. Semitendinosus:<br>Flexion i art. Genu. Extension i art. Coxa. Inåtrotation i art. Genu vid flekterad led. Inåtrotation i art. Coxa. Adduktion i art. Coxa (svag funktion).<br><br>M. Semimembranosus:<br>Flexion i art. Genu. Extension i art. Coxa. Inåtrotation i art. Genu vid flekterad led. Sträcker ledkapseln i art. Genu. Adduktion i art. Coxa.<br><br>M. Biceps femoris caput longum:<br>Flexion i art. Genu. Extension i art. Coxa. Utåtrotation i art. Coxa. Utåtrotation i art. Genu vid flekterad led. Abducerar i art. Coxa (svag funktion).;Samtliga förutom M. Biceps femoris caput brevis:<br>Tippar pelvis bakåt. Minskar lordosen i ländryggen.;M. Semitendinosus:<br>L4-S2 N. Tibialis Pl. Sacralis.<br><br>M. Semimembranosus:<br>L4-S2 N. Tibialis Pl. Sacralis.<br><br>M. Biceps femoris caput longum:<br>L5-S3 N. Tibialis Pl. Sacralis.<br><br>M. Biceps femoris caput brevis:<br>L5-S2 N. Fibularis communis Pl. Sacralis.;M. Semitendinosus:<br>Har en kort muskelbuk och en lång insertionssena som löper samman i en formation kallad pes anserinus (gåsfoten) tillsammans med M. Gracilis och M. Sartorius. Gåsfoten bildas av dessa tre musklernas fästessenor på tibias mediala och proximala del. Triggerpunkter i muskeln ger smärta strax nedan sittbensknölen och lårets och vadens baksida.<br><br>M. Semimembranosus:<br>Triggerpunkter ger smärta strax nedan sittbensknölen samt lårets och vadens baksida.<br><br>M. Biceps femoris caput longum:<br>Vid kraftig ansträngning, ex. accelerande löpning, brista antingen helt eller som vanligast partiellt. Triggerpunkter ger smärta över baksida och knäveck.<br><br>M. Biceps femoris caput brevis:<br>Triggerpunkter ger smärtor och molvärk på lårets baksida.;
113;Mm. Adductores;<li>M. Pectineus</li><li>M. Adductor magnus</li><li>M. Adductor longus</li><li>M. Adductor brevis</li><li>M. Gracilis</li>;;;;;;;;;;
114;M. Pectineus;;art. Coxa.;Pecten ossis pubis.;Linea pectinea;Adduktion i art. Coxa. Flexion i art. Coxa. Utåtrotation i art. Coxa.;;;Tippar pelvis framåt. Ökar lordosen i ländryggen.;L2-L4 N. Femoralis och N. Obturatorius Pl. Lumbalis;inblandad vid ljumskbristningar då den är kortare än övriga adduktorer samt har en tvärare fiberriktning.;
115;M. Adductor magnus;;art. Coxa;Främre delen: Ramus inferior ossis pubis. Bakre delen: Ramus ossis ischii. Tuber ischiadicum;Linea aspera (labium mediale). Tuberculum adductorium.;Främre delen: Adduktion i art. Coxa. Flexion i art. Coxa. Utåtrotation i art. Coxa. Bakre delen: Adduktion i art. Coxa. Extension i art coxa. Inåtrotation i art. Coxa vid kraftig flexion i leden.;;;Främre delen: Tippar pelvis framåt. Ökar lordosen i ländryggen. Bakre delen: Tippar pelvis bakåt. Minskar lordosen i ländryggen.;Främre delen: L2-L4 N. Obturatorius Pl. Lumbalis. Bakre delen: L4-S1 N. Ischiadicus Pl. Sacralis.;Triggerpunkter ger smärtor mot lårets fram-/insida. Triggerpunkter nära ursprunget kan även ge djupa invärtes bäckensmärtor.;
116;M. Adductor longus;;art. Coxa.;Ramus superior ossis pubis medialt.;Linea aspera (labium mediale) mellersta 1/3;Adduktion i art. Coxa. Utåtrotation i art. Coxa. Flexion i art. Coxa.;;;Tippar pelvis framåt. Ökar lordosen i ländryggen.;L2-L4 N. Obturatorius Pl. Lumbalis.;drabbas oftare av muskelbristningar än andra i adduktorgruppen.;
117;M. Adductor brevis;;art. Coxa;Ramus inferior ossis pubis.;Linea aspera (labium mediale) proximala 1/3.;Adduktion i art. Coxa. Utåtrotation i art. Coxa. Flexion i art. Coxa.;;;Tippar pelvis framåt. Ökar lordosen i ländryggen.;L2-L4 N. Obturatorius Pl. Lumbalis.;Triggerpunkter i muskeln ger smärtor mot ljumsken och runt patella.;
118;M. Gracilis;;art. Genu. Art. Coxa.;Ramus inferior ossis pubis.;Facies medialis tibiae i höjd med tuberositas tibiae.;Adduktion i art. Coxa. Utåtrotation i art. Coxa. Flexion  art. Coxa. Flexion i art. Genu. Inåtrotation i art. Genu vid  flekterad led.;;;Tippar pelvis framåt. Ökar lordosen i ländryggen.;L2-L4 N. Obturatorius Pl. Lumbalis.;Triggerpunkter ger smärtor till lårets insida.;
119;M. Tibialis anterior;;;Proximalt facies lateralis tibiae. Membrana interossea cruris.;Os cuneiforme mediale. Basis ossis metatarsale 1.;Dorsalflexion i art. Talocruralis. Supination i art. Subtalares. Inåtrotation i art. Subtalares.;;;;L4-S1 N. Fibularis profundus Pl. Sacralis.;Triggerpunkter ger smärta över vristen och stortån.;
120;M. Extensor hallicus longus;;;Membrana interossea cruris. Corpus fibulae.;Aponeurosis dorsalis phalanx distalis digiti 1.;Dorsalflexion i art. Talocruralis. Supination i art. Subtalares. Inåtrotation i art. Subtalares (svag funtkion). Extension i MTP 1. Extension i IP 1.;;;;L4-S1 N. Fibularis profundus Pl. Sacralis.;Triggerpunkter ger smärtor över den dorsala sidan av stortån;
121;M. Extensor digitorum longus;;;Condylus lateralis tibiae. Membrana interossea cruris. Corpus fibulae.;Aponeurosis dorsalis digiti 2-5;Dorsalflexion i art. Talocruralis. Pronation i art. Subtalares. Utåtrotation i art. Subtalares. Extension i MTP 2-5. Extension i PIP 2-5. Extension i DIP 2-5.;;;;L4-S1 N. Fibularis profundus Pl. Sacralis.;Triggerpunkter ger smärta till fotens laterala dorsalsida.;
122;M. Fibularis longus / M. Peroneus longus;;;Caput fibulae. Proximalt corpus fibulae.;Os cuneiforme mediale. Basis ossis metatarsale 1.;Plantarflexion i art. Talocruralis. Pronation i art. Subtalares. Utåtrotation i art. Subtalares.;;;;L4-S1 N. Fibularis superficialis Pl. Sacralis.;Triggerpunkter ger smärta på lateralsidan av underbenet och runt laterala malleolen.;
123;M. Fibularis brevis / M. Peroneus brevis;;;Corpus fibulae;Tuberositas ossis metatarsale 5;Plantarflexion i art. Talocruralis. Pronation i art. Subtalares. Utåtrotation i art. Subtalares.;;;;L4-S1 N. Fibularis superficialis Pl. Sacralis.;Triggerpunkter ger smärtor över den laterala malleolen.;
124;M. Fibularis tertius;;;Distalt från M. Extensor digitorum longus.;Basis ossis metatarsale 5.;Dorsalflexion i art. Talocruralis. Pronation i art. Subtalares. Utåtrotation i art. Subtalares.;;;;L4-S1 N. Fibularis profundus Pl. Sacralis.;;
125;M. Tibialis posterior;;;Corpus tibiae. Corpus fibulae. Membrana interossea cruris.;Os naviculare. Os cuneiforme 1-3. Os cuboideum. Os metatarsale 2-4.;Plantarflexion i art. Talocruralis. Supination art. Subtalares. Inåtrotation art. Subtalares.;;;;L(4)5-S1 N. Tibialis Pl. Sacralis.;Triggerpunkter ger smärta till den plantara sidan av stortån.;
126;M. Flexor digitorum longus;;;Corpus tibiae.;Phalanx distalis digiti 2-5 plantart.;Plantarflexion i art. Talocruralis. Supination i art. Subtalares. Inåtrotation i art. Subtalares. Flexion i MTP 2-5. Flexion i PIP 2-5. Flexion i DIP 2-5.;;;;L5-S1(2) N. Tibialis Pl. Sacralis.;Triggerpunkter ger smärta över underbenets insida men framförallt över den laterala delen av hålfoten.;
127;M. Flexor hallucis longus;;;Corpus fibulae;Phalanx distalis digiti 1 (Hallux).;Plantarflexion i art. Talocruralis. Supination i art. Subtalares. Inåtrotation i art. Subtalares. Flexion i MTP 1. Flexion i DIP digiti 1 (hallux).;;;;L5-S2 N. Tibialis Pl. Sacralis.;Triggerpunkter ger smärta till stortåns undersida.;
128;M. Triceps surae;<li>M. Gastrocnemius</li><li>M. Soleus</li>;;;;;;;;;;
129;M. Gastrocnemius;<li>Caput mediale</li><li>Caput laterale</li>;Art. Genu. Art. Talocruralis.;Caput mediale:<br>Condylus medialis femoris superiort.<br><br>Caput laterale:<br>Condylus lateralis femoris superiort.;Tuber calcanei via tendo achilles;Plantarflexion i art. Talocruralis. Flexion i art. Genu. Supination i art. Subtalares.;;;;S1-S2 N. Tibialis Pl. Sacralis;Smärttillstånd i tendo achilles brukar tyvärr feldiagnostiseras som en inflammation. Korrekt term bör vara tendalgi eller tendinos då det efter ca 7-10 dagar efter smärtdebuten inte finns några inflammatoriska markörer i vävnaden.;
130;M. Soleus;;art. Talocruralis. Art. Subtalares.;Caput fibulae. Corpus fibulae posteriora ytan. Tibia facies posterior. Membrana interossea cruris.;Tuber calcanei via tendo achilles;Plantarflexion i art. Talocruralis. Supination i art. Subtalares.;;;;L5-S2 N. Tibialis Pl. Sacralis.;;
131;M. Plantaris;;;Condylus lateralis femoris.;Tuber calcaneii.;Flexion i art. Genu. Plantarflexion i art. Talocruralis. Supination i art. Subtalares (svag funktion). Inåtrotation i art. Subtalares (svag funktion).;;;;L4-S1(2) N. Tibialis Pl. Sacralis;Triggerpunkter ger smärta i knävecket och ned i vaden.;
132;M. Popliteus;;;Epicondylus lateralis femoris.;Proximalt facies posterior tibiae.;Flexion art. Genu. Inåtrotation av tibiae vid flekterad led. ;;;;L4-S1 N. Tibialis Pl. Sacralis.;Triggerpunkter ger smärta i knävecket.;
133;M. Extensor hallucis brevis;;;Calcaneus dorsalt;Phalanx proximalis digiti 1 (hallux).;Extention i MTP 1.;;;;S1-S2 Pl. Sacralis. N. Fibularis profundus;;
134;M. Extensor digitorum brevis;;;Calcaneus dorsalt lateralt.;Aponeurosis dorsalis digiti 2-4;Extention i MTP 2-4. Extention i PIP 2-4. Extention i DIP 2-4.;;;;S1-S2 Pl. Sacralis. N. Fibularis profundus;;
135;M. Flexor digitorum brevis;;;Tuber calcaneii. Aponeurosis plantaris.;Phalanx media digiti 2-5 plantart.;Flexion i MTP 2-5. Flexion i PIP 2-5. Flexion i DIP 2-5. Stöder det längsgående fotvalvet.;;;;S2-S3 Pl. Sacralis N. Plantaris medialis.;;
136;M. Flexor digiti minimi;;;Basis ossis metatarsale 5;Lateralt phalanx proximalis 5;Flexion i MTP 5.;;;;S2-S3 N. Plantaris lateralis.;;
137;M. Flexor hallucis brevis;;;Os cuboideum. Lig. Plantare longum.;Phalanx proximalis digiti 1 (hallux).;Flexion i MTP 1. Stödjer det tvärgående fotvalvet.;;;;S2-S3 Pl. Sacralis N. Plantaris medialis.;;
138;M. Abductor hallucis;;;Processus medialis tuberi calaneii.;Phalanx proximalis digiti 1 (hallux).;Abduktion i MTP 1. Flexion i MTP 1. Stödjer i MTP 1. Stödjer det längsgående fotvalvet.;;;;L5-S1 Pl. Sacralis N. Plantaris medialis.;;
139;M. Flexor digiti minimi brevis;;;Basis ossis metatarsale 5. Lig. Plantare longum.;Phalanx proximalis digiti 5;Flexion MTP 5.;;;;S1-S2 Pl. Sacralis N. Plantaris lateralis;;
140;M. Abductor digiti minimi;;;Calcaneus. Aponeurosis plantaris.;Phalanx proximalis digiti 5 lateralt.;Abduktion i MTP 5. Flexion i MTP 5. Flexion i PIP 5. Flexion i DIP 5.;;;;S2-S3 Pl. Sacralis n. plantaris lateralis;;
141;M. Opponens digiti minimi;;;Basis ossis metatarsalis 4.;Caput ossis metatarsalis 5;Flexion i MTP 5. Adduktion i MTP 5.;;;;N. Plantaris lateralis.;;
142;M. Adductor hallucis;<li>Caput transversum</li><li>Caput obliquum</li>;;Caput transversum:<br>Capsula articularis MTP 2-5.<br><br>Caput obliquum:<br>Ossa metatarsalia 2-4. Os cuneiforme 3. Os cuboideum.<br><br>;Phalanx proximalis digiti 1 (hallux).;Adduktion i MTP 1. Stödjer det längsgående fotvalvet. Stödjer det tvärgående fotvalvet.;;;;S2-S3 Pl. Sacralis N. Plantaris lateralis.;;
143;M. Quadratus plantae / M. flexor accessorius;;;calcaneus.;Tendo musculi flexor digitorum longus;Flexion i MTP 2-5. Flexion i PIP 2-5. Flexion i DIP 2-5. Stödjer det längsgående fotvalvet.;;;;S2-S3 Pl. Sacralis N. Plantaris lateralis.;;
144;Mm. Interosseii dorsales;;;Basis ossis metatarsalis 1-5.;Basis phalanx proximalis digiti 2-5.;Flexion i MTP 2-4.;;;;S1-S2 Pl. Sacralis N. Plantaris lateralis.;Musklerna är bipennata;
145;Mm. Interosseii plantares;;;Medialt basis ossis metatarsalis 3-5;Medialt basis ossis metatarsalis digiti 3-5;Adduktion i MTP 3-5. Flexion 3-5.;;;;S1-S2 Pl. Sacralis N. Plantaris lateralis.;Musklerna är unipennata;
146;Mm. Lumbricales;;;Tendo musculi flexor digitorum longus;Basis phalanx proximalis digiti 2-5.;Flexion i MTP 2-5. Flexion i PIP 2-5. Flexion i DIP 2-5. Adduktion i MTP 2-5.;;;;S2-S3 Pl. Sacralis N. Plantaris medialis/lateralis;;
